,Specie,ROC,PrRe
0,Agelasticus thilius,0.0012861908,0.0018790943
1,Cistothorus platensis,0.008426501,0.037462387
2,Colorhamphus parvirostris,0.00018940942,0.00066047016
3,Elaenia albiceps,0.0024822624,0.13204873
4,Gallinago paraguaiae,0.0101058725,0.030668005
5,Glaucidium nana a,0.03758297,0.1797978
6,Glaucidium nana b,0.5703506,0.5892313
7,Pardirallus sanguinolentus,0.003176769,0.041978437
8,Porzana spiloptera kiker,0.0007385366,0.05796106
9,Porzana spiloptera pw,0.06468792,0.3888546
